{
	"format_version": "1.9.0",
	"credit": "Made with Blockbench",
	"parent": "handheld",
	"textures": {
		"0": "block/gun1",
		"1": "block/gun2",
		"2": "block/gun3",
		"particle": "block/gun1"
	},
	"elements": [
		{
			"from": [7, 0, 6.75],
			"to": [8, 3, 8.25],
			"rotation": {"angle": -22.5, "axis": "x", "origin": [6, 0, 6]},
			"faces": {
				"north": {"uv": [0, 3, 1, 6], "texture": "#1"},
				"east": {"uv": [0, 0, 2, 3], "texture": "#1"},
				"south": {"uv": [1, 3, 2, 6], "texture": "#1"},
				"west": {"uv": [2, 0, 4, 3], "texture": "#1"},
				"up": {"uv": [3, 5, 2, 3], "texture": "#1"},
				"down": {"uv": [4, 3, 3, 5], "texture": "#1"}
			}
		},
		{
			"from": [6.75, 2.5, 2.5],
			"to": [8.25, 3.75, 7.5],
			"rotation": {"angle": 0, "axis": "y", "origin": [6.5, 2.5, 5.5]},
			"faces": {
				"north": {"uv": [4, 2, 6, 3], "texture": "#0"},
				"east": {"uv": [4, 0, 9, 1], "texture": "#0"},
				"south": {"uv": [4, 3, 6, 4], "texture": "#0"},
				"west": {"uv": [4, 1, 9, 2], "texture": "#0"},
				"up": {"uv": [2, 5, 0, 0], "texture": "#0"},
				"down": {"uv": [4, 0, 2, 5], "texture": "#0"}
			}
		},
		{
			"from": [7.25, 3.75, 3.25],
			"to": [7.75, 4.25, 3.75],
			"rotation": {"angle": 0, "axis": "x", "origin": [6.5, 5.5, 2.5]},
			"faces": {
				"north": {"uv": [0, 0, 1, 1], "texture": "#2"},
				"east": {"uv": [0, 1, 1, 2], "texture": "#2"},
				"south": {"uv": [1, 0, 2, 1], "texture": "#2"},
				"west": {"uv": [1, 1, 2, 2], "texture": "#2"},
				"up": {"uv": [1, 3, 0, 2], "texture": "#2"},
				"down": {"uv": [3, 0, 2, 1], "texture": "#2"}
			}
		}
	]
}