{
	"format_version": "1.21.6",
	"credit": "Made with Blockbench",
	"textures": {
		"0": "item/key2",
		"particle": "item/key2"
	},
	"elements": [
		{
			"from": [7.6, 6.6, 7],
			"to": [8.4, 7.4, 9],
			"rotation": {"angle": 0, "axis": "y", "origin": [8, 7, 8]},
			"faces": {
				"north": {"uv": [6, 3, 7, 4], "texture": "#0"},
				"east": {"uv": [0, 0, 2, 1], "texture": "#0"},
				"south": {"uv": [6, 4, 7, 5], "texture": "#0"},
				"west": {"uv": [0, 1, 2, 2], "texture": "#0"},
				"up": {"uv": [1, 4, 0, 2], "texture": "#0"},
				"down": {"uv": [3, 0, 2, 2], "texture": "#0"}
			}
		},
		{
			"from": [7.85, 7.3, 7.25],
			"to": [8.15, 7.5, 7.5],
			"rotation": {"angle": 0, "axis": "y", "origin": [8, 7.7, 8]},
			"faces": {
				"north": {"uv": [2, 9, 3, 10], "texture": "#0"},
				"east": {"uv": [0, 9, 2, 10], "texture": "#0"},
				"south": {"uv": [4, 8, 5, 9], "texture": "#0"},
				"west": {"uv": [1, 10, 3, 11], "texture": "#0"},
				"up": {"uv": [4, 11, 3, 9], "texture": "#0"},
				"down": {"uv": [1, 10, 0, 12], "texture": "#0"}
			}
		},
		{
			"from": [7.95, 7.5, 7.35],
			"to": [8.05, 7.55, 7.4],
			"rotation": {"angle": 0, "axis": "y", "origin": [8, 7.9, 8]},
			"faces": {
				"north": {"uv": [3, 12, 4, 13], "texture": "#0"},
				"east": {"uv": [1, 12, 3, 13], "texture": "#0"},
				"south": {"uv": [3, 13, 4, 14], "texture": "#0"},
				"west": {"uv": [1, 13, 3, 14], "texture": "#0"},
				"up": {"uv": [5, 14, 4, 12], "texture": "#0"},
				"down": {"uv": [1, 12, 0, 14], "texture": "#0"}
			}
		},
		{
			"from": [7.975, 7.5, 7.4],
			"to": [8.025, 7.55, 7.45],
			"rotation": {"angle": 0, "axis": "y", "origin": [8, 7.9, 8.1]},
			"faces": {
				"north": {"uv": [3, 12, 4, 13], "texture": "#0"},
				"east": {"uv": [1, 12, 3, 13], "texture": "#0"},
				"south": {"uv": [3, 13, 4, 14], "texture": "#0"},
				"west": {"uv": [1, 13, 3, 14], "texture": "#0"},
				"up": {"uv": [5, 14, 4, 12], "texture": "#0"},
				"down": {"uv": [1, 12, 0, 14], "texture": "#0"}
			}
		},
		{
			"from": [7.85, 6.85, 5],
			"to": [8.15, 7.15, 7],
			"rotation": {"angle": 0, "axis": "y", "origin": [8, 7, 6]},
			"faces": {
				"north": {"uv": [5, 6, 6, 7], "texture": "#0"},
				"east": {"uv": [1, 2, 3, 3], "texture": "#0"},
				"south": {"uv": [6, 5, 7, 6], "texture": "#0"},
				"west": {"uv": [3, 0, 5, 1], "texture": "#0"},
				"up": {"uv": [2, 5, 1, 3], "texture": "#0"},
				"down": {"uv": [4, 1, 3, 3], "texture": "#0"}
			}
		},
		{
			"from": [7.6, 6.6, 4.75],
			"to": [8.4, 7.4, 5],
			"rotation": {"angle": 0, "axis": "y", "origin": [8, 7, 4]},
			"faces": {
				"north": {"uv": [6, 6, 7, 7], "texture": "#0"},
				"east": {"uv": [7, 0, 8, 1], "texture": "#0"},
				"south": {"uv": [1, 7, 2, 8], "texture": "#0"},
				"west": {"uv": [3, 7, 4, 8], "texture": "#0"},
				"up": {"uv": [8, 4, 7, 3], "texture": "#0"},
				"down": {"uv": [5, 7, 4, 8], "texture": "#0"}
			}
		},
		{
			"from": [7.6, 7.06, 4.06],
			"to": [8.4, 7.26, 4.61],
			"rotation": {"angle": -28, "axis": "x", "origin": [8, 7.2, 4.385]},
			"faces": {
				"north": {"uv": [7, 4, 8, 5], "texture": "#0"},
				"east": {"uv": [5, 7, 6, 8], "texture": "#0"},
				"south": {"uv": [7, 5, 8, 6], "texture": "#0"},
				"west": {"uv": [6, 7, 7, 8], "texture": "#0"},
				"up": {"uv": [8, 7, 7, 6], "texture": "#0"},
				"down": {"uv": [8, 7, 7, 8], "texture": "#0"}
			}
		},
		{
			"from": [7.6, 6.575, 4.335],
			"to": [8.4, 7.125, 4.535],
			"rotation": {"angle": -34.5, "axis": "x", "origin": [8, 6.8, 4.485]},
			"faces": {
				"north": {"uv": [8, 7, 7, 8], "rotation": 180, "texture": "#0"},
				"east": {"uv": [5, 7, 6, 8], "rotation": 270, "texture": "#0"},
				"south": {"uv": [8, 7, 7, 6], "texture": "#0"},
				"west": {"uv": [6, 7, 7, 8], "rotation": 90, "texture": "#0"},
				"up": {"uv": [7, 4, 8, 5], "rotation": 180, "texture": "#0"},
				"down": {"uv": [7, 5, 8, 6], "texture": "#0"}
			}
		},
		{
			"from": [7.6, 6.675, 4.395],
			"to": [8.4, 7.225, 4.635],
			"rotation": {"angle": 0, "axis": "x", "origin": [8, 6.9, 4.585]},
			"faces": {
				"north": {"uv": [8, 7, 7, 8], "rotation": 180, "texture": "#0"},
				"east": {"uv": [5, 7, 6, 8], "rotation": 270, "texture": "#0"},
				"south": {"uv": [8, 7, 7, 6], "texture": "#0"},
				"west": {"uv": [6, 7, 7, 8], "rotation": 90, "texture": "#0"},
				"up": {"uv": [7, 4, 8, 5], "rotation": 180, "texture": "#0"},
				"down": {"uv": [7, 5, 8, 6], "texture": "#0"}
			}
		},
		{
			"from": [8.7, 6.7, 6.9],
			"to": [9.25, 7.3, 8.9],
			"rotation": {"angle": 45, "axis": "y", "origin": [8.85, 7, 7.9]},
			"faces": {
				"north": {"uv": [0, 8, 1, 9], "texture": "#0"},
				"east": {"uv": [2, 3, 4, 4], "texture": "#0"},
				"south": {"uv": [8, 0, 9, 1], "texture": "#0"},
				"west": {"uv": [4, 1, 6, 2], "texture": "#0"},
				"up": {"uv": [1, 6, 0, 4], "texture": "#0"},
				"down": {"uv": [3, 4, 2, 6], "texture": "#0"}
			}
		},
		{
			"from": [8.7, 6.7, 7.9],
			"to": [9.25, 7.3, 9.9],
			"rotation": {"angle": 45, "axis": "y", "origin": [8.85, 7, 8.9]},
			"faces": {
				"north": {"uv": [1, 8, 2, 9], "texture": "#0"},
				"east": {"uv": [4, 2, 6, 3], "texture": "#0"},
				"south": {"uv": [8, 1, 9, 2], "texture": "#0"},
				"west": {"uv": [3, 4, 5, 5], "texture": "#0"},
				"up": {"uv": [2, 7, 1, 5], "texture": "#0"},
				"down": {"uv": [4, 5, 3, 7], "texture": "#0"}
			}
		},
		{
			"from": [6.8, 6.7, 7.75],
			"to": [7.35, 7.3, 9.75],
			"rotation": {"angle": -45, "axis": "y", "origin": [6.95, 7, 8.75]},
			"faces": {
				"north": {"uv": [2, 8, 3, 9], "texture": "#0"},
				"east": {"uv": [4, 3, 6, 4], "texture": "#0"},
				"south": {"uv": [8, 2, 9, 3], "texture": "#0"},
				"west": {"uv": [5, 0, 7, 1], "texture": "#0"},
				"up": {"uv": [5, 7, 4, 5], "texture": "#0"},
				"down": {"uv": [6, 4, 5, 6], "texture": "#0"}
			}
		},
		{
			"from": [6.8, 6.7, 6.75],
			"to": [7.35, 7.3, 8.75],
			"rotation": {"angle": -45, "axis": "y", "origin": [6.95, 7, 7.75]},
			"faces": {
				"north": {"uv": [3, 8, 4, 9], "texture": "#0"},
				"east": {"uv": [6, 1, 8, 2], "texture": "#0"},
				"south": {"uv": [8, 3, 9, 4], "texture": "#0"},
				"west": {"uv": [6, 2, 8, 3], "texture": "#0"},
				"up": {"uv": [1, 8, 0, 6], "texture": "#0"},
				"down": {"uv": [3, 6, 2, 8], "texture": "#0"}
			}
		},
		{
			"from": [7.8, 6.8, 6.4],
			"to": [8.2, 7.2, 7],
			"rotation": {"angle": 0, "axis": "y", "origin": [8, 7, 6]},
			"faces": {
				"north": {"uv": [5, 6, 6, 7], "texture": "#0"},
				"east": {"uv": [7, 8, 9, 9], "texture": "#0"},
				"south": {"uv": [4, 8, 5, 9], "texture": "#0"},
				"west": {"uv": [8, 7, 10, 8], "texture": "#0"},
				"up": {"uv": [7, 10, 6, 8], "texture": "#0"},
				"down": {"uv": [6, 8, 5, 10], "texture": "#0"}
			}
		}
	],
	"display": {
		"thirdperson_righthand": {
			"rotation": [51, 0, 0],
			"translation": [-0.25, 1.75, 1]
		},
		"thirdperson_lefthand": {
			"rotation": [52, 0, 0],
			"translation": [0, 1.75, 1.75]
		},
		"firstperson_righthand": {
			"rotation": [9.5, 2.48, -0.45],
			"translation": [0, 1.75, 1.25]
		},
		"firstperson_lefthand": {
			"rotation": [24.05, -2.97, 1.3],
			"translation": [0, 2, 1.75]
		},
		"ground": {
			"rotation": [15.74, 0.43, 2.75],
			"scale": [1.66992, 1.96875, 1.54492]
		},
		"gui": {
			"rotation": [72.5, 64, 0],
			"translation": [1.75, 0, 0],
			"scale": [2.48, 2.43, 2.48]
		},
		"fixed": {
			"rotation": [-71.24, 57.84, 6.86],
			"scale": [1.18945, 1.11133, 1.32227]
		}
	},
	"groups": [
		{
			"name": "group",
			"origin": [8, 0, 8],
			"color": 0,
			"children": [
				0,
				1,
				2,
				3,
				4,
				5,
				{
					"name": "group",
					"origin": [8, 7.2, 4.385],
					"color": 0,
					"children": [6, 7, 8]
				},
				9,
				10,
				11,
				12,
				13
			]
		}
	]
}